{"config": {"hierarchical_clustering": {"cluster_threshold": 0.7}, "markov_clustering": {"inflation": 2}, "use_cc": true}, "dataset": "stoxx50", "Connected_Components": {"precision": 0.14448669201520914, "recall": 0.9661016949152542, "f1": 0.2513781697905182, "bmd": 26}, "Hierarchical": {"precision": 0.8309859154929577, "recall": 0.5, "f1": 0.6243386243386243, "bmd": 41}, "Markov": {"precision": 0.8285714285714285, "recall": 0.7372881355932204, "f1": 0.7802690582959642, "bmd": 25}}